"ano","variable_id","variable","importe_millones_eur","porcentaje_sobre_total_publicado","total_recursos_millones_eur","suma_componentes_millones_eur","diferencia_suma_menos_total_millones_eur","estado_dato","fuente","notas"
"1980","cotizaciones_sociales","Cotizaciones sociales","9603,48","89,43","10738,27","10738,27","0","observado_tabla_secundaria","Seguridad Social, Observatorio Social de Espana, Informe 2007, tabla 4.6 y 4.7","Tabla 4.6 del Informe 2007 del Observatorio Social de Espana; fuente indicada: Seguridad Social."
"1980","transferencias_corrientes","Transferencias corrientes","1017,96","9,48","10738,27","10738,27","0","observado_tabla_secundaria","Seguridad Social, Observatorio Social de Espana, Informe 2007, tabla 4.6 y 4.7","Tabla 4.6 del Informe 2007 del Observatorio Social de Espana; fuente indicada: Seguridad Social."
"1980","otros_ingresos","Otros ingresos","116,83","1,09","10738,27","10738,27","0","observado_tabla_secundaria","Seguridad Social, Observatorio Social de Espana, Informe 2007, tabla 4.6 y 4.7","Tabla 4.6 del Informe 2007 del Observatorio Social de Espana; fuente indicada: Seguridad Social."
"1980","total_recursos","Total recursos","10738,27","100","10738,27","10738,27","0","observado_tabla_secundaria","Seguridad Social, Observatorio Social de Espana, Informe 2007, tabla 4.6 y 4.7","Tabla 4.6 del Informe 2007 del Observatorio Social de Espana; fuente indicada: Seguridad Social."
"1990","cotizaciones_sociales","Cotizaciones sociales","29217,42","71,76","40643,1","40643,1","0","observado_tabla_secundaria","Seguridad Social, Observatorio Social de Espana, Informe 2007, tabla 4.6 y 4.7","Tabla 4.6 del Informe 2007 del Observatorio Social de Espana; fuente indicada: Seguridad Social."
"1990","transferencias_corrientes","Transferencias corrientes","10169,6","24,98","40643,1","40643,1","0","observado_tabla_secundaria","Seguridad Social, Observatorio Social de Espana, Informe 2007, tabla 4.6 y 4.7","Tabla 4.6 del Informe 2007 del Observatorio Social de Espana; fuente indicada: Seguridad Social."
"1990","otros_ingresos","Otros ingresos","1256,08","3,26","40643,1","40643,1","0","observado_tabla_secundaria","Seguridad Social, Observatorio Social de Espana, Informe 2007, tabla 4.6 y 4.7","Tabla 4.6 del Informe 2007 del Observatorio Social de Espana; fuente indicada: Seguridad Social."
"1990","total_recursos","Total recursos","40643,1","100","40643,1","40643,1","0","observado_tabla_secundaria","Seguridad Social, Observatorio Social de Espana, Informe 2007, tabla 4.6 y 4.7","Tabla 4.6 del Informe 2007 del Observatorio Social de Espana; fuente indicada: Seguridad Social."
"1995","cotizaciones_sociales","Cotizaciones sociales","41951,2","64,11","65439,8","65439,8","0","observado_tabla_secundaria","Seguridad Social, Observatorio Social de Espana, Informe 2007, tabla 4.6 y 4.7","Tabla 4.6 del Informe 2007 del Observatorio Social de Espana; fuente indicada: Seguridad Social."
"1995","transferencias_corrientes","Transferencias corrientes","19222,27","29,37","65439,8","65439,8","0","observado_tabla_secundaria","Seguridad Social, Observatorio Social de Espana, Informe 2007, tabla 4.6 y 4.7","Tabla 4.6 del Informe 2007 del Observatorio Social de Espana; fuente indicada: Seguridad Social."
"1995","otros_ingresos","Otros ingresos","4266,33","6,52","65439,8","65439,8","0","observado_tabla_secundaria","Seguridad Social, Observatorio Social de Espana, Informe 2007, tabla 4.6 y 4.7","Tabla 4.6 del Informe 2007 del Observatorio Social de Espana; fuente indicada: Seguridad Social."
"1995","total_recursos","Total recursos","65439,8","100","65439,8","65439,8","0","observado_tabla_secundaria","Seguridad Social, Observatorio Social de Espana, Informe 2007, tabla 4.6 y 4.7","Tabla 4.6 del Informe 2007 del Observatorio Social de Espana; fuente indicada: Seguridad Social."
"2000","cotizaciones_sociales","Cotizaciones sociales","60766,33","65,73","92451,32","92451,32","0","observado_tabla_secundaria","Seguridad Social, Observatorio Social de Espana, Informe 2007, tabla 4.6 y 4.7","Tabla 4.6 del Informe 2007 del Observatorio Social de Espana; fuente indicada: Seguridad Social."
"2000","transferencias_corrientes","Transferencias corrientes","29247,15","31,64","92451,32","92451,32","0","observado_tabla_secundaria","Seguridad Social, Observatorio Social de Espana, Informe 2007, tabla 4.6 y 4.7","Tabla 4.6 del Informe 2007 del Observatorio Social de Espana; fuente indicada: Seguridad Social."
"2000","otros_ingresos","Otros ingresos","2437,84","2,63","92451,32","92451,32","0","observado_tabla_secundaria","Seguridad Social, Observatorio Social de Espana, Informe 2007, tabla 4.6 y 4.7","Tabla 4.6 del Informe 2007 del Observatorio Social de Espana; fuente indicada: Seguridad Social."
"2000","total_recursos","Total recursos","92451,32","100","92451,32","92451,32","0","observado_tabla_secundaria","Seguridad Social, Observatorio Social de Espana, Informe 2007, tabla 4.6 y 4.7","Tabla 4.6 del Informe 2007 del Observatorio Social de Espana; fuente indicada: Seguridad Social."
"2001","cotizaciones_sociales","Cotizaciones sociales","66390,05","66,1","100439,43","100439,43","0","observado_tabla_secundaria","Seguridad Social, Observatorio Social de Espana, Informe 2007, tabla 4.6 y 4.7","Tabla 4.6 del Informe 2007 del Observatorio Social de Espana; fuente indicada: Seguridad Social."
"2001","transferencias_corrientes","Transferencias corrientes","31382,9","31,25","100439,43","100439,43","0","observado_tabla_secundaria","Seguridad Social, Observatorio Social de Espana, Informe 2007, tabla 4.6 y 4.7","Tabla 4.6 del Informe 2007 del Observatorio Social de Espana; fuente indicada: Seguridad Social."
"2001","otros_ingresos","Otros ingresos","2666,48","2,65","100439,43","100439,43","0","observado_tabla_secundaria","Seguridad Social, Observatorio Social de Espana, Informe 2007, tabla 4.6 y 4.7","Tabla 4.6 del Informe 2007 del Observatorio Social de Espana; fuente indicada: Seguridad Social."
"2001","total_recursos","Total recursos","100439,43","100","100439,43","100439,43","0","observado_tabla_secundaria","Seguridad Social, Observatorio Social de Espana, Informe 2007, tabla 4.6 y 4.7","Tabla 4.6 del Informe 2007 del Observatorio Social de Espana; fuente indicada: Seguridad Social."
"2002","cotizaciones_sociales","Cotizaciones sociales","70829,1","88,13","80371,1","80371,1","0","observado_tabla_secundaria_ruptura","Seguridad Social, Observatorio Social de Espana, Informe 2007, tabla 4.6 y 4.7","La fuente indica ruptura desde 2002: el presupuesto no contiene asistencia sanitaria ni servicios sociales transferidos a las CCAA."
"2002","transferencias_corrientes","Transferencias corrientes","7701,08","9,58","80371,1","80371,1","0","observado_tabla_secundaria_ruptura","Seguridad Social, Observatorio Social de Espana, Informe 2007, tabla 4.6 y 4.7","La fuente indica ruptura desde 2002: el presupuesto no contiene asistencia sanitaria ni servicios sociales transferidos a las CCAA."
"2002","otros_ingresos","Otros ingresos","1840,92","2,29","80371,1","80371,1","0","observado_tabla_secundaria_ruptura","Seguridad Social, Observatorio Social de Espana, Informe 2007, tabla 4.6 y 4.7","La fuente indica ruptura desde 2002: el presupuesto no contiene asistencia sanitaria ni servicios sociales transferidos a las CCAA."
"2002","total_recursos","Total recursos","80371,1","100","80371,1","80371,1","0","observado_tabla_secundaria_ruptura","Seguridad Social, Observatorio Social de Espana, Informe 2007, tabla 4.6 y 4.7","La fuente indica ruptura desde 2002: el presupuesto no contiene asistencia sanitaria ni servicios sociales transferidos a las CCAA."
"2003","cotizaciones_sociales","Cotizaciones sociales","76429,56","92,47","82649,62","82649,62","0","observado_tabla_secundaria_ruptura","Seguridad Social, Observatorio Social de Espana, Informe 2007, tabla 4.6 y 4.7","La fuente indica ruptura desde 2002: el presupuesto no contiene asistencia sanitaria ni servicios sociales transferidos a las CCAA."
"2003","transferencias_corrientes","Transferencias corrientes","4267,13","5,16","82649,62","82649,62","0","observado_tabla_secundaria_ruptura","Seguridad Social, Observatorio Social de Espana, Informe 2007, tabla 4.6 y 4.7","La fuente indica ruptura desde 2002: el presupuesto no contiene asistencia sanitaria ni servicios sociales transferidos a las CCAA."
"2003","otros_ingresos","Otros ingresos","1952,93","2,37","82649,62","82649,62","0","observado_tabla_secundaria_ruptura","Seguridad Social, Observatorio Social de Espana, Informe 2007, tabla 4.6 y 4.7","La fuente indica ruptura desde 2002: el presupuesto no contiene asistencia sanitaria ni servicios sociales transferidos a las CCAA."
"2003","total_recursos","Total recursos","82649,62","100","82649,62","82649,62","0","observado_tabla_secundaria_ruptura","Seguridad Social, Observatorio Social de Espana, Informe 2007, tabla 4.6 y 4.7","La fuente indica ruptura desde 2002: el presupuesto no contiene asistencia sanitaria ni servicios sociales transferidos a las CCAA."
"2004","cotizaciones_sociales","Cotizaciones sociales","81871,04","92,34","88666,64","88666,64","0","observado_tabla_secundaria_ruptura","Seguridad Social, Observatorio Social de Espana, Informe 2007, tabla 4.6 y 4.7","La fuente indica ruptura desde 2002: el presupuesto no contiene asistencia sanitaria ni servicios sociales transferidos a las CCAA."
"2004","transferencias_corrientes","Transferencias corrientes","4618,08","5,21","88666,64","88666,64","0","observado_tabla_secundaria_ruptura","Seguridad Social, Observatorio Social de Espana, Informe 2007, tabla 4.6 y 4.7","La fuente indica ruptura desde 2002: el presupuesto no contiene asistencia sanitaria ni servicios sociales transferidos a las CCAA."
"2004","otros_ingresos","Otros ingresos","2177,52","2,45","88666,64","88666,64","0","observado_tabla_secundaria_ruptura","Seguridad Social, Observatorio Social de Espana, Informe 2007, tabla 4.6 y 4.7","La fuente indica ruptura desde 2002: el presupuesto no contiene asistencia sanitaria ni servicios sociales transferidos a las CCAA."
"2004","total_recursos","Total recursos","88666,64","100","88666,64","88666,64","0","observado_tabla_secundaria_ruptura","Seguridad Social, Observatorio Social de Espana, Informe 2007, tabla 4.6 y 4.7","La fuente indica ruptura desde 2002: el presupuesto no contiene asistencia sanitaria ni servicios sociales transferidos a las CCAA."
"2005","cotizaciones_sociales","Cotizaciones sociales","88235,73","92,19","95713,59","95713,59","0","observado_tabla_secundaria_ruptura","Seguridad Social, Observatorio Social de Espana, Informe 2007, tabla 4.6 y 4.7","La fuente indica ruptura desde 2002: el presupuesto no contiene asistencia sanitaria ni servicios sociales transferidos a las CCAA."
"2005","transferencias_corrientes","Transferencias corrientes","4895,71","5,11","95713,59","95713,59","0","observado_tabla_secundaria_ruptura","Seguridad Social, Observatorio Social de Espana, Informe 2007, tabla 4.6 y 4.7","La fuente indica ruptura desde 2002: el presupuesto no contiene asistencia sanitaria ni servicios sociales transferidos a las CCAA."
"2005","otros_ingresos","Otros ingresos","2582,15","2,7","95713,59","95713,59","0","observado_tabla_secundaria_ruptura","Seguridad Social, Observatorio Social de Espana, Informe 2007, tabla 4.6 y 4.7","La fuente indica ruptura desde 2002: el presupuesto no contiene asistencia sanitaria ni servicios sociales transferidos a las CCAA."
"2005","total_recursos","Total recursos","95713,59","100","95713,59","95713,59","0","observado_tabla_secundaria_ruptura","Seguridad Social, Observatorio Social de Espana, Informe 2007, tabla 4.6 y 4.7","La fuente indica ruptura desde 2002: el presupuesto no contiene asistencia sanitaria ni servicios sociales transferidos a las CCAA."
"2006","cotizaciones_sociales","Cotizaciones sociales","90169,4","92,14","97861,05","97861,05","0","presupuesto_inicial_tabla_secundaria","Seguridad Social, Observatorio Social de Espana, Informe 2007, tabla 4.6 y 4.7","La fuente indica ruptura desde 2002: el presupuesto no contiene asistencia sanitaria ni servicios sociales transferidos a las CCAA."
"2006","transferencias_corrientes","Transferencias corrientes","5294,91","5,41","97861,05","97861,05","0","presupuesto_inicial_tabla_secundaria","Seguridad Social, Observatorio Social de Espana, Informe 2007, tabla 4.6 y 4.7","La fuente indica ruptura desde 2002: el presupuesto no contiene asistencia sanitaria ni servicios sociales transferidos a las CCAA."
"2006","otros_ingresos","Otros ingresos","2396,74","2,45","97861,05","97861,05","0","presupuesto_inicial_tabla_secundaria","Seguridad Social, Observatorio Social de Espana, Informe 2007, tabla 4.6 y 4.7","La fuente indica ruptura desde 2002: el presupuesto no contiene asistencia sanitaria ni servicios sociales transferidos a las CCAA."
"2006","total_recursos","Total recursos","97861,05","100","97861,05","97861,05","0","presupuesto_inicial_tabla_secundaria","Seguridad Social, Observatorio Social de Espana, Informe 2007, tabla 4.6 y 4.7","La fuente indica ruptura desde 2002: el presupuesto no contiene asistencia sanitaria ni servicios sociales transferidos a las CCAA."
"2007","cotizaciones_sociales","Cotizaciones sociales","97357,54","91,18","106774,57","106774,57","0","presupuesto_inicial_tabla_secundaria","Seguridad Social, Observatorio Social de Espana, Informe 2007, tabla 4.6 y 4.7","La fuente indica ruptura desde 2002: el presupuesto no contiene asistencia sanitaria ni servicios sociales transferidos a las CCAA."
"2007","transferencias_corrientes","Transferencias corrientes","5962,72","5,58","106774,57","106774,57","0","presupuesto_inicial_tabla_secundaria","Seguridad Social, Observatorio Social de Espana, Informe 2007, tabla 4.6 y 4.7","La fuente indica ruptura desde 2002: el presupuesto no contiene asistencia sanitaria ni servicios sociales transferidos a las CCAA."
"2007","otros_ingresos","Otros ingresos","3454,31","3,24","106774,57","106774,57","0","presupuesto_inicial_tabla_secundaria","Seguridad Social, Observatorio Social de Espana, Informe 2007, tabla 4.6 y 4.7","La fuente indica ruptura desde 2002: el presupuesto no contiene asistencia sanitaria ni servicios sociales transferidos a las CCAA."
"2007","total_recursos","Total recursos","106774,57","100","106774,57","106774,57","0","presupuesto_inicial_tabla_secundaria","Seguridad Social, Observatorio Social de Espana, Informe 2007, tabla 4.6 y 4.7","La fuente indica ruptura desde 2002: el presupuesto no contiene asistencia sanitaria ni servicios sociales transferidos a las CCAA."
